Generation,AVG_BIRTH
Boomers,90.89473684210526
Gen X,100.375
Gen Y,95.0
OTHERS,93.11111111111111
Silent Gen,94.07692307692308
