Month_Name,Month,average_birth
April,4,945.3875
August,8,951.4938928906984
December,12,951.1008455997495
February,2,904.9765146358067
January,1,928.116935483871
July,7,946.0856079404466
June,6,960.348717948718
March,3,926.4289702233251
May,5,959.3200992555832
November,11,963.2181229773463
October,10,985.8781709990604
September,9,981.742071197411
