generation,avg_birth
Boomers,764.4048991354467
Gen X,1057.8263175906914
Gen Y,1417.4337782340863
Others,1407.6440049443759
Silent Gen,265.74971043487415
